{
    "accuracy": 0.7739872068230277,
    "precision": 0.5657276995305164,
    "recall": 0.6443850267379679,
    "f1_score": 0.6025,
    "roc_auc": 0.8250914992416046
}